{"cameraMode":{"drawMode":0,"name":"Shaded","section":"Shading Mode"},"sceneLighting":false,"audioPlay":false,"sceneViewState":{"m_AlwaysRefresh":false,"showFog":true,"showSkybox":false,"showFlares":true,"showImageEffects":true,"showParticleSystems":true,"showVisualEffectGraphs":true,"m_FxEnabled":true},"in2DMode":false,"pivot":{"x":1.4751222133636475,"y":1.6054922342300416,"z":-0.4636433720588684},"rotation":{"x":0.013456334359943867,"y":-0.955039381980896,"z":0.04386494681239128,"w":0.2929287850856781},"size":1.9919745922088624,"orthographic":false}