{"cameraMode":{"drawMode":0,"name":"Shaded","section":"Shading Mode"},"sceneLighting":false,"audioPlay":false,"sceneViewState":{"m_AlwaysRefresh":false,"showFog":true,"showSkybox":false,"showFlares":true,"showImageEffects":true,"showParticleSystems":true,"showVisualEffectGraphs":true,"m_FxEnabled":true},"in2DMode":false,"pivot":{"x":0.3654903769493103,"y":0.018076449632644655,"z":1.347663164138794},"rotation":{"x":0.18671506643295289,"y":0.3831186890602112,"z":-0.07939324527978897,"w":0.9011492133140564},"size":0.5535160303115845,"orthographic":false}