{"cameraMode":{"drawMode":0,"name":"Shaded","section":"Shading Mode"},"sceneLighting":true,"audioPlay":false,"sceneViewState":{"m_AlwaysRefresh":false,"showFog":true,"showSkybox":true,"showFlares":true,"showImageEffects":true,"showParticleSystems":true,"showVisualEffectGraphs":true,"m_FxEnabled":false},"in2DMode":false,"pivot":{"x":11.654212951660157,"y":56.59410095214844,"z":32.5263557434082},"rotation":{"x":-0.32253792881965639,"y":0.11350183933973313,"z":-0.039196860045194629,"w":-0.9389630556106567},"size":0.22275978326797486,"orthographic":false}